--
-- PostgreSQL database dump
--

-- Dumped from database version 17.4
-- Dumped by pg_dump version 17.4

SET statement_timeout = 0;
SET lock_timeout = 0;
SET idle_in_transaction_session_timeout = 0;
SET transaction_timeout = 0;
SET client_encoding = 'UTF8';
SET standard_conforming_strings = on;
SELECT pg_catalog.set_config('search_path', '', false);
SET check_function_bodies = false;
SET xmloption = content;
SET client_min_messages = warning;
SET row_security = off;

--
-- Name: AttendanceStatus; Type: TYPE; Schema: public; Owner: postgres
--

CREATE TYPE public."AttendanceStatus" AS ENUM (
    'PRESENT',
    'ABSENT',
    'ON_LEAVE'
);


ALTER TYPE public."AttendanceStatus" OWNER TO postgres;

--
-- Name: EventType; Type: TYPE; Schema: public; Owner: postgres
--

CREATE TYPE public."EventType" AS ENUM (
    'HOLIDAY',
    'OTHER'
);


ALTER TYPE public."EventType" OWNER TO postgres;

--
-- Name: Gender; Type: TYPE; Schema: public; Owner: postgres
--

CREATE TYPE public."Gender" AS ENUM (
    'Male',
    'Female'
);


ALTER TYPE public."Gender" OWNER TO postgres;

--
-- Name: Language; Type: TYPE; Schema: public; Owner: postgres
--

CREATE TYPE public."Language" AS ENUM (
    'ENGLISH',
    'AMHARIC'
);


ALTER TYPE public."Language" OWNER TO postgres;

--
-- Name: LeaveStatus; Type: TYPE; Schema: public; Owner: postgres
--

CREATE TYPE public."LeaveStatus" AS ENUM (
    'PENDING',
    'APPROVED',
    'REJECTED'
);


ALTER TYPE public."LeaveStatus" OWNER TO postgres;

--
-- Name: MaritalStatus; Type: TYPE; Schema: public; Owner: postgres
--

CREATE TYPE public."MaritalStatus" AS ENUM (
    'Single',
    'Married',
    'Divorced',
    'Widowed'
);


ALTER TYPE public."MaritalStatus" OWNER TO postgres;

--
-- Name: PositionLevel; Type: TYPE; Schema: public; Owner: postgres
--

CREATE TYPE public."PositionLevel" AS ENUM (
    'Junior',
    'Mid',
    'Senior'
);


ALTER TYPE public."PositionLevel" OWNER TO postgres;

--
-- Name: RecurringType; Type: TYPE; Schema: public; Owner: postgres
--

CREATE TYPE public."RecurringType" AS ENUM (
    'daily',
    'weekly',
    'monthly',
    'yearly'
);


ALTER TYPE public."RecurringType" OWNER TO postgres;

--
-- Name: Role; Type: TYPE; Schema: public; Owner: postgres
--

CREATE TYPE public."Role" AS ENUM (
    'Employee',
    'HRAdmin',
    'Supervisor'
);


ALTER TYPE public."Role" OWNER TO postgres;

--
-- Name: SettingType; Type: TYPE; Schema: public; Owner: postgres
--

CREATE TYPE public."SettingType" AS ENUM (
    'STRING',
    'NUMBER',
    'BOOLEAN',
    'JSON',
    'DATE_TIME'
);


ALTER TYPE public."SettingType" OWNER TO postgres;

SET default_tablespace = '';

SET default_table_access_method = heap;

--
-- Name: Attendance; Type: TABLE; Schema: public; Owner: postgres
--

CREATE TABLE public."Attendance" (
    id integer NOT NULL,
    "userId" integer NOT NULL,
    date timestamp(3) without time zone NOT NULL,
    "morningCheckInTime" timestamp(3) without time zone,
    "morningCheckOutTime" timestamp(3) without time zone,
    "afternoonCheckInTime" timestamp(3) without time zone,
    "afternoonCheckOutTime" timestamp(3) without time zone,
    status public."AttendanceStatus" DEFAULT 'ABSENT'::public."AttendanceStatus" NOT NULL,
    "manuallyCheckedIn" boolean DEFAULT false NOT NULL,
    "checkOutEnabled" boolean DEFAULT false NOT NULL,
    "isEarlyAfternoonCheckOut" boolean,
    "isEarlyMorningCheckOut" boolean,
    "isLateAfternoonCheckIn" boolean,
    "isLateMorningCheckIn" boolean
);


ALTER TABLE public."Attendance" OWNER TO postgres;

--
-- Name: Attendance_id_seq; Type: SEQUENCE; Schema: public; Owner: postgres
--

CREATE SEQUENCE public."Attendance_id_seq"
    AS integer
    START WITH 1
    INCREMENT BY 1
    NO MINVALUE
    NO MAXVALUE
    CACHE 1;


ALTER SEQUENCE public."Attendance_id_seq" OWNER TO postgres;

--
-- Name: Attendance_id_seq; Type: SEQUENCE OWNED BY; Schema: public; Owner: postgres
--

ALTER SEQUENCE public."Attendance_id_seq" OWNED BY public."Attendance".id;


--
-- Name: Calendar; Type: TABLE; Schema: public; Owner: postgres
--

CREATE TABLE public."Calendar" (
    id integer NOT NULL,
    "eventName" text NOT NULL,
    "eventDate" timestamp(3) without time zone,
    "isRecurring" boolean DEFAULT false NOT NULL,
    "eventType" public."EventType" NOT NULL,
    description text,
    "createdAt" timestamp(3) without time zone DEFAULT CURRENT_TIMESTAMP NOT NULL,
    "updatedAt" timestamp(3) without time zone NOT NULL,
    "eventEnd" timestamp(3) without time zone,
    "recurringType" text DEFAULT 'yearly'::text
);


ALTER TABLE public."Calendar" OWNER TO postgres;

--
-- Name: Calendar_id_seq; Type: SEQUENCE; Schema: public; Owner: postgres
--

CREATE SEQUENCE public."Calendar_id_seq"
    AS integer
    START WITH 1
    INCREMENT BY 1
    NO MINVALUE
    NO MAXVALUE
    CACHE 1;


ALTER SEQUENCE public."Calendar_id_seq" OWNER TO postgres;

--
-- Name: Calendar_id_seq; Type: SEQUENCE OWNED BY; Schema: public; Owner: postgres
--

ALTER SEQUENCE public."Calendar_id_seq" OWNED BY public."Calendar".id;


--
-- Name: Department; Type: TABLE; Schema: public; Owner: postgres
--

CREATE TABLE public."Department" (
    id integer NOT NULL,
    name text NOT NULL,
    "nameAmharic" text,
    description text,
    "createdAt" timestamp(3) without time zone DEFAULT CURRENT_TIMESTAMP NOT NULL,
    "updatedAt" timestamp(3) without time zone
);


ALTER TABLE public."Department" OWNER TO postgres;

--
-- Name: Department_id_seq; Type: SEQUENCE; Schema: public; Owner: postgres
--

CREATE SEQUENCE public."Department_id_seq"
    AS integer
    START WITH 1
    INCREMENT BY 1
    NO MINVALUE
    NO MAXVALUE
    CACHE 1;


ALTER SEQUENCE public."Department_id_seq" OWNER TO postgres;

--
-- Name: Department_id_seq; Type: SEQUENCE OWNED BY; Schema: public; Owner: postgres
--

ALTER SEQUENCE public."Department_id_seq" OWNED BY public."Department".id;


--
-- Name: LeaveBalance; Type: TABLE; Schema: public; Owner: postgres
--

CREATE TABLE public."LeaveBalance" (
    id integer NOT NULL,
    "userId" integer NOT NULL,
    "updatedAt" timestamp(3) without time zone NOT NULL,
    "leaveTypeId" integer NOT NULL,
    balance integer
);


ALTER TABLE public."LeaveBalance" OWNER TO postgres;

--
-- Name: LeaveBalance_id_seq; Type: SEQUENCE; Schema: public; Owner: postgres
--

CREATE SEQUENCE public."LeaveBalance_id_seq"
    AS integer
    START WITH 1
    INCREMENT BY 1
    NO MINVALUE
    NO MAXVALUE
    CACHE 1;


ALTER SEQUENCE public."LeaveBalance_id_seq" OWNER TO postgres;

--
-- Name: LeaveBalance_id_seq; Type: SEQUENCE OWNED BY; Schema: public; Owner: postgres
--

ALTER SEQUENCE public."LeaveBalance_id_seq" OWNED BY public."LeaveBalance".id;


--
-- Name: LeaveRequest; Type: TABLE; Schema: public; Owner: postgres
--

CREATE TABLE public."LeaveRequest" (
    id integer NOT NULL,
    "userId" integer NOT NULL,
    "leaveTypeId" integer NOT NULL,
    "startDate" timestamp(3) without time zone NOT NULL,
    "endDate" timestamp(3) without time zone NOT NULL,
    status public."LeaveStatus" DEFAULT 'PENDING'::public."LeaveStatus" NOT NULL,
    reason text NOT NULL,
    "createdAt" timestamp(3) without time zone DEFAULT CURRENT_TIMESTAMP NOT NULL,
    "updatedAt" timestamp(3) without time zone,
    "isApprovedByAdmin" boolean DEFAULT false,
    "isApprovedBySupervisor" boolean DEFAULT false,
    days integer
);


ALTER TABLE public."LeaveRequest" OWNER TO postgres;

--
-- Name: LeaveRequest_id_seq; Type: SEQUENCE; Schema: public; Owner: postgres
--

CREATE SEQUENCE public."LeaveRequest_id_seq"
    AS integer
    START WITH 1
    INCREMENT BY 1
    NO MINVALUE
    NO MAXVALUE
    CACHE 1;


ALTER SEQUENCE public."LeaveRequest_id_seq" OWNER TO postgres;

--
-- Name: LeaveRequest_id_seq; Type: SEQUENCE OWNED BY; Schema: public; Owner: postgres
--

ALTER SEQUENCE public."LeaveRequest_id_seq" OWNED BY public."LeaveRequest".id;


--
-- Name: LeaveType; Type: TABLE; Schema: public; Owner: postgres
--

CREATE TABLE public."LeaveType" (
    id integer NOT NULL,
    name text NOT NULL,
    description text,
    "maxDays" integer NOT NULL,
    "createdAt" timestamp(3) without time zone DEFAULT CURRENT_TIMESTAMP NOT NULL,
    "updatedAt" timestamp(3) without time zone,
    accrued boolean DEFAULT false NOT NULL
);


ALTER TABLE public."LeaveType" OWNER TO postgres;

--
-- Name: LeaveType_id_seq; Type: SEQUENCE; Schema: public; Owner: postgres
--

CREATE SEQUENCE public."LeaveType_id_seq"
    AS integer
    START WITH 1
    INCREMENT BY 1
    NO MINVALUE
    NO MAXVALUE
    CACHE 1;


ALTER SEQUENCE public."LeaveType_id_seq" OWNER TO postgres;

--
-- Name: LeaveType_id_seq; Type: SEQUENCE OWNED BY; Schema: public; Owner: postgres
--

ALTER SEQUENCE public."LeaveType_id_seq" OWNED BY public."LeaveType".id;


--
-- Name: Settings; Type: TABLE; Schema: public; Owner: postgres
--

CREATE TABLE public."Settings" (
    id integer NOT NULL,
    "createdAt" timestamp(3) without time zone DEFAULT CURRENT_TIMESTAMP NOT NULL,
    description text,
    key text NOT NULL,
    type public."SettingType" DEFAULT 'STRING'::public."SettingType" NOT NULL,
    "updatedAt" timestamp(3) without time zone NOT NULL,
    value text NOT NULL
);


ALTER TABLE public."Settings" OWNER TO postgres;

--
-- Name: Settings_id_seq; Type: SEQUENCE; Schema: public; Owner: postgres
--

CREATE SEQUENCE public."Settings_id_seq"
    AS integer
    START WITH 1
    INCREMENT BY 1
    NO MINVALUE
    NO MAXVALUE
    CACHE 1;


ALTER SEQUENCE public."Settings_id_seq" OWNER TO postgres;

--
-- Name: Settings_id_seq; Type: SEQUENCE OWNED BY; Schema: public; Owner: postgres
--

ALTER SEQUENCE public."Settings_id_seq" OWNED BY public."Settings".id;


--
-- Name: User; Type: TABLE; Schema: public; Owner: postgres
--

CREATE TABLE public."User" (
    id integer NOT NULL,
    "firstName" text NOT NULL,
    "lastName" text NOT NULL,
    username text NOT NULL,
    password text NOT NULL,
    "phoneNumber" text NOT NULL,
    "dateOfBirth" timestamp(3) without time zone,
    "emergencyContactName" text,
    "emergencyContactPhone" text,
    address text,
    "hireDate" timestamp(3) without time zone,
    "jobTitle" text,
    role public."Role" DEFAULT 'Employee'::public."Role" NOT NULL,
    "positionLevel" text,
    photograph text NOT NULL,
    salary double precision,
    "educationalLevel" text,
    "directDepositInfo" text,
    cv text,
    "createdAt" timestamp(3) without time zone DEFAULT CURRENT_TIMESTAMP NOT NULL,
    "updatedAt" timestamp(3) without time zone NOT NULL,
    "departmentId" integer,
    gender public."Gender" NOT NULL,
    "maritalStatus" public."MaritalStatus",
    "faceDescriptor" double precision[]
);


ALTER TABLE public."User" OWNER TO postgres;

--
-- Name: User_id_seq; Type: SEQUENCE; Schema: public; Owner: postgres
--

CREATE SEQUENCE public."User_id_seq"
    AS integer
    START WITH 1
    INCREMENT BY 1
    NO MINVALUE
    NO MAXVALUE
    CACHE 1;


ALTER SEQUENCE public."User_id_seq" OWNER TO postgres;

--
-- Name: User_id_seq; Type: SEQUENCE OWNED BY; Schema: public; Owner: postgres
--

ALTER SEQUENCE public."User_id_seq" OWNED BY public."User".id;


--
-- Name: _prisma_migrations; Type: TABLE; Schema: public; Owner: postgres
--

CREATE TABLE public._prisma_migrations (
    id character varying(36) NOT NULL,
    checksum character varying(64) NOT NULL,
    finished_at timestamp with time zone,
    migration_name character varying(255) NOT NULL,
    logs text,
    rolled_back_at timestamp with time zone,
    started_at timestamp with time zone DEFAULT now() NOT NULL,
    applied_steps_count integer DEFAULT 0 NOT NULL
);


ALTER TABLE public._prisma_migrations OWNER TO postgres;

--
-- Name: Attendance id; Type: DEFAULT; Schema: public; Owner: postgres
--

ALTER TABLE ONLY public."Attendance" ALTER COLUMN id SET DEFAULT nextval('public."Attendance_id_seq"'::regclass);


--
-- Name: Calendar id; Type: DEFAULT; Schema: public; Owner: postgres
--

ALTER TABLE ONLY public."Calendar" ALTER COLUMN id SET DEFAULT nextval('public."Calendar_id_seq"'::regclass);


--
-- Name: Department id; Type: DEFAULT; Schema: public; Owner: postgres
--

ALTER TABLE ONLY public."Department" ALTER COLUMN id SET DEFAULT nextval('public."Department_id_seq"'::regclass);


--
-- Name: LeaveBalance id; Type: DEFAULT; Schema: public; Owner: postgres
--

ALTER TABLE ONLY public."LeaveBalance" ALTER COLUMN id SET DEFAULT nextval('public."LeaveBalance_id_seq"'::regclass);


--
-- Name: LeaveRequest id; Type: DEFAULT; Schema: public; Owner: postgres
--

ALTER TABLE ONLY public."LeaveRequest" ALTER COLUMN id SET DEFAULT nextval('public."LeaveRequest_id_seq"'::regclass);


--
-- Name: LeaveType id; Type: DEFAULT; Schema: public; Owner: postgres
--

ALTER TABLE ONLY public."LeaveType" ALTER COLUMN id SET DEFAULT nextval('public."LeaveType_id_seq"'::regclass);


--
-- Name: Settings id; Type: DEFAULT; Schema: public; Owner: postgres
--

ALTER TABLE ONLY public."Settings" ALTER COLUMN id SET DEFAULT nextval('public."Settings_id_seq"'::regclass);


--
-- Name: User id; Type: DEFAULT; Schema: public; Owner: postgres
--

ALTER TABLE ONLY public."User" ALTER COLUMN id SET DEFAULT nextval('public."User_id_seq"'::regclass);


--
-- Data for Name: Attendance; Type: TABLE DATA; Schema: public; Owner: postgres
--

COPY public."Attendance" (id, "userId", date, "morningCheckInTime", "morningCheckOutTime", "afternoonCheckInTime", "afternoonCheckOutTime", status, "manuallyCheckedIn", "checkOutEnabled", "isEarlyAfternoonCheckOut", "isEarlyMorningCheckOut", "isLateAfternoonCheckIn", "isLateMorningCheckIn") FROM stdin;
79	16	2025-05-23 00:00:00	2025-05-23 06:39:00	\N	2025-05-23 18:30:00	\N	PRESENT	f	t	\N	\N	t	t
14	8	2025-05-17 11:00:36.887	2025-05-17 05:30:00	\N	\N	\N	PRESENT	f	t	\N	\N	\N	f
82	17	2025-05-24 00:00:00	2025-05-24 06:14:00	\N	\N	\N	PRESENT	t	t	\N	\N	\N	t
83	18	2025-05-24 00:00:00	2025-05-24 07:53:41.081	\N	\N	\N	PRESENT	f	t	\N	\N	\N	t
84	8	2025-05-27 00:00:00	\N	\N	2025-05-27 13:43:13.524	\N	PRESENT	f	t	\N	\N	t	\N
54	11	2025-05-23 10:23:49.599	\N	\N	2025-05-23 10:23:49.599	\N	PRESENT	f	t	\N	\N	f	\N
85	8	2025-06-16 00:00:00	\N	\N	2025-06-16 14:11:19.568	\N	PRESENT	f	t	\N	\N	t	\N
86	8	2025-06-30 00:00:00	2025-06-30 05:55:10.685	\N	\N	\N	PRESENT	f	t	\N	\N	\N	t
63	7	2025-05-23 15:58:36.673	\N	\N	2025-05-23 15:58:36.673	\N	PRESENT	f	t	\N	\N	t	\N
9	8	2025-05-15 21:00:00	2025-05-16 08:34:00	\N	\N	\N	ABSENT	t	t	\N	\N	\N	t
13	9	2025-05-17 10:49:42.008	2025-05-17 10:49:42.009	\N	\N	\N	PRESENT	f	t	\N	\N	\N	t
22	9	2025-05-18 21:00:00	\N	\N	\N	\N	ABSENT	t	t	\N	\N	\N	\N
26	9	2025-05-19 09:47:52.012	2025-05-19 09:47:52.013	\N	\N	\N	PRESENT	f	t	\N	\N	\N	t
28	11	2025-05-19 09:52:44.836	2025-05-19 09:52:44.836	\N	\N	\N	PRESENT	f	t	\N	\N	\N	t
29	7	2025-05-18 21:00:00	2025-05-19 05:32:00	\N	\N	\N	PRESENT	t	t	\N	\N	\N	f
35	12	2025-05-19 00:00:00	2025-05-19 05:39:00	\N	2025-05-19 12:34:00	\N	PRESENT	t	t	\N	\N	t	f
36	6	2025-05-16 00:00:00	\N	\N	2025-05-16 12:41:00	\N	PRESENT	t	t	\N	\N	t	\N
37	6	2025-05-19 00:00:00	\N	\N	2025-05-19 11:25:00	\N	PRESENT	t	t	\N	\N	t	\N
38	11	2025-05-20 06:55:56.765	2025-05-20 06:55:56.765	\N	\N	\N	PRESENT	f	t	\N	\N	\N	t
39	7	2025-05-20 00:00:00	2025-05-20 07:25:48.761	2025-05-20 07:55:17.859	2025-05-20 10:24:00	\N	PRESENT	t	t	\N	t	f	t
40	8	2025-05-20 11:42:30.427	\N	\N	2025-05-20 11:42:30.427	2025-05-20 13:51:24.027	PRESENT	f	t	t	\N	t	\N
41	9	2025-05-20 00:00:00	2025-05-20 05:54:00	\N	\N	\N	PRESENT	t	t	\N	\N	\N	t
42	8	2025-05-21 05:42:51.946	2025-05-21 05:42:51.946	\N	2025-05-21 10:37:48.907	\N	PRESENT	f	t	\N	\N	t	f
44	9	2025-05-23 08:06:13.647	2025-05-23 08:06:13.647	\N	\N	\N	PRESENT	f	t	\N	\N	\N	t
\.


--
-- Data for Name: Calendar; Type: TABLE DATA; Schema: public; Owner: postgres
--

COPY public."Calendar" (id, "eventName", "eventDate", "isRecurring", "eventType", description, "createdAt", "updatedAt", "eventEnd", "recurringType") FROM stdin;
3	Test1	2025-04-28 08:39:52.143	t	OTHER		2025-04-28 08:40:26.289	2025-04-28 16:26:19.862	2025-05-06 00:00:00	weekly
\.


--
-- Data for Name: Department; Type: TABLE DATA; Schema: public; Owner: postgres
--

COPY public."Department" (id, name, "nameAmharic", description, "createdAt", "updatedAt") FROM stdin;
1	Human Resource	\N	\N	2025-04-28 07:15:16.305	2025-04-28 00:00:00
2	Information Technology(IT)	\N	\N	2025-04-28 11:56:14.164	2025-04-28 11:56:14.164
3	Finance	\N	test description	2025-05-13 07:31:42.451	2025-05-13 07:31:42.451
\.


--
-- Data for Name: LeaveBalance; Type: TABLE DATA; Schema: public; Owner: postgres
--

COPY public."LeaveBalance" (id, "userId", "updatedAt", "leaveTypeId", balance) FROM stdin;
4	8	2025-05-20 13:02:01.811	3	180
5	11	2025-05-24 06:08:37.886	3	180
\.


--
-- Data for Name: LeaveRequest; Type: TABLE DATA; Schema: public; Owner: postgres
--

COPY public."LeaveRequest" (id, "userId", "leaveTypeId", "startDate", "endDate", status, reason, "createdAt", "updatedAt", "isApprovedByAdmin", "isApprovedBySupervisor", days) FROM stdin;
4	6	2	2025-05-21 00:00:00	2025-05-31 00:00:00	PENDING	kk	2025-05-19 21:22:34.243	2025-05-23 07:50:30.054	f	f	10
10	11	3	2025-05-24 00:00:00	2025-05-31 00:00:00	REJECTED	Ydxyjfjffjvjbkmv	2025-05-23 07:34:20.357	2025-05-23 07:53:21.374	f	f	5
12	9	2	2025-05-23 00:00:00	2025-06-02 00:00:00	REJECTED	Evv	2025-05-23 10:38:53.741	2025-05-23 19:03:54.289	f	f	10
\.


--
-- Data for Name: LeaveType; Type: TABLE DATA; Schema: public; Owner: postgres
--

COPY public."LeaveType" (id, name, description, "maxDays", "createdAt", "updatedAt", accrued) FROM stdin;
3	Sick Leave	no desc	180	2025-05-16 20:30:09.591	2025-05-16 20:30:09.591	f
1	Maternity Leave	no description	120	2025-05-15 20:02:19.789	2025-05-17 08:40:47.328	f
4	Annual Leave	can't be edited	20	2025-05-19 09:03:57.973	2025-05-19 09:03:57.973	f
2	Paternity Leave	test desc	10	2025-05-15 20:02:58.77	2025-05-20 08:24:29.319	f
\.


--
-- Data for Name: Settings; Type: TABLE DATA; Schema: public; Owner: postgres
--

COPY public."Settings" (id, "createdAt", description, key, type, "updatedAt", value) FROM stdin;
6	2025-05-05 14:41:04.241	If enabled supervisors can edit attendance checkout time of their subbordinate(check_out_enabled has to be true for this to work)	allow_supervisor_edit_checkout_time	BOOLEAN	2025-05-05 17:14:12.565	true
5	2025-05-05 09:48:35.617	If enabled supervisor must approve the leave request before leave request is granted(approved by HRAdmin)	supervisor_approval_required	BOOLEAN	2025-05-20 08:10:51.186	true
4	2025-04-28 07:13:23.142	If enabled employees can checkin when late	late_check_in_allowed	BOOLEAN	2025-05-23 07:14:02.449	true
2	2025-04-28 07:10:17.007	If enabled employees attendance has to be registered when clocking in aswell as when clocking or checking out	check_out_enabled	BOOLEAN	2025-05-19 09:49:24.138	true
1	2025-05-23 08:50:35.47	If enabled it allows employees attendance to be recorded on Saturday	saturday	BOOLEAN	2025-05-23 10:43:11.481	true
3	2025-04-28 07:11:36.493	Official work hours	attendance_time	JSON	2025-05-24 06:09:50.645	{"check_in":{"morning":"08:30","afternoon":"13:15","threshold":15},"check_out":{"morning":"12:30","afternoon":"17:30","threshold":15}}
\.


--
-- Data for Name: User; Type: TABLE DATA; Schema: public; Owner: postgres
--

COPY public."User" (id, "firstName", "lastName", username, password, "phoneNumber", "dateOfBirth", "emergencyContactName", "emergencyContactPhone", address, "hireDate", "jobTitle", role, "positionLevel", photograph, salary, "educationalLevel", "directDepositInfo", cv, "createdAt", "updatedAt", "departmentId", gender, "maritalStatus", "faceDescriptor") FROM stdin;
5	Girum	Eshetu	girum	girum123	940799036	2003-04-01 00:00:00	\N	\N	Fiche,Oromia	2025-04-01 00:00:00	Software Engineer	HRAdmin	Junior	1747160636209-7c4a41fa80a1caef.jpg	300000	Bachelor	CBE: 1000077827211	\N	2025-04-28 07:26:14.177	2025-04-28 00:00:00	1	Male	Single	{}
9	Tolera	Girma	tolera_gi	tolera	918283848	2000-01-28 00:00:00	\N	912121212	Fiche, 04, N/Shoa	2025-04-28 00:00:00	Web Developer	Employee	\N	1747121107152-64eb705a212009ff.jpg	\N	\N	\N	\N	2025-04-28 10:59:54.629	2025-04-28 10:59:54.629	1	Male	Single	{-0.178594559431076,0.1532490700483322,0.09587086737155914,-0.06806928664445877,-0.01354293338954449,-0.03577472269535065,0.04718641564249992,-0.0594152994453907,0.1012952849268913,0.010116808116436,0.2902954816818237,-0.02408518828451633,-0.2017299383878708,-0.1374244391918182,0.02046801522374153,0.1077432185411453,-0.203213706612587,-0.1594763547182083,-0.09164976328611374,-0.1158859208226204,0.02798337116837502,0.009815615601837635,-0.03874611482024193,0.01304637361317873,-0.1477646380662918,-0.3149803876876831,-0.0501907505095005,-0.04054391756653786,0.06847671419382095,-0.1605859696865082,0.1128556877374649,0.04211446642875671,-0.2349212914705276,-0.0185327660292387,-0.05493529140949249,0.1064478680491447,0.03650974854826927,-0.03095538914203644,0.1302278190851212,0.07254033535718918,-0.1638496220111847,-0.05464803427457809,-0.008789045736193657,0.353061705827713,0.1814906448125839,-0.03511671349406242,0.0148312458768487,0.02485932037234306,0.02138731814920902,-0.1993569135665894,-0.01066535990685225,0.1397111415863037,0.08865562826395035,0.06323365122079849,-0.08150188624858856,-0.1419368088245392,-0.02243511006236076,0.0718020498752594,-0.1596444249153137,0.04451506957411766,0.04848195239901543,-0.161549910902977,-0.06423777341842651,-0.001912788837216794,0.2346854656934738,0.08791309595108032,-0.1312769949436188,-0.1539659351110458,0.2029073089361191,-0.07215170562267303,-0.05831168591976166,0.08928299695253372,-0.1144737005233765,-0.0925893560051918,-0.3089655637741089,0.09905990958213806,0.403792530298233,-0.01548969373106956,-0.233379915356636,-0.04826914519071579,-0.1790983974933624,0.04855331405997276,0.02256233431398869,0.09288660436868668,-0.1005313843488693,0.0823759138584137,-0.1753315627574921,0.04880160465836525,0.2099305093288422,0.04111109301447868,-0.1113931834697723,0.1780427992343903,0.007254755590111017,0.01353841926902533,0.08425602316856384,0.06687979400157928,-0.03434938192367554,-0.03175901621580124,-0.1238279566168785,-0.07004937529563904,0.05978982523083687,-0.1243920475244522,-0.05294889584183693,0.1642810106277466,-0.1373465657234192,0.2297812253236771,0.1001091003417969,0.02248930186033249,-0.03053407743573189,0.02612141147255898,-0.02263294160366058,-0.05418109521269798,0.1678881049156189,-0.2101796418428421,0.1891916543245316,0.2414544373750687,0.05829049646854401,0.1303544491529465,0.08412047475576401,0.07114925235509872,-0.0606108233332634,-0.01813896931707859,-0.0864146426320076,-0.02773602120578289,-0.03316431120038033,-0.02614457905292511,0.05776350945234299,0.03419774025678635}
6	Abebe	Beso	abebe_be	abebe1234	0918283848	2003-01-28 00:00:00	\N	0912121212	Fiche, 04, N/Shoa	2025-04-28 00:00:00	Web Developer	Employee	Junior	1747400533363-37bcdb8c3ae16dbf.jpeg	4000	Bachelor		\N	2025-04-28 10:51:12.275	2025-05-16 15:46:11.039	2	Male	Single	{-0.1733343303203583,0.177667036652565,0.1073461920022964,0.009953625500202179,-0.01318751554936171,-0.1391056925058365,0.08246717602014542,-0.1173090189695358,0.1129757761955261,0.06036146357655525,0.2638584673404694,-0.05070780590176582,-0.2107827812433243,-0.1585128754377365,-0.01422043982893229,0.147380530834198,-0.1358018666505814,-0.1293333321809769,-0.04547164961695671,-0.08111557364463806,0.06115927174687386,0.0695297122001648,-0.01623039692640305,0.1332642138004303,-0.01459653209894896,-0.3303868472576141,-0.1081793755292892,-0.1448609977960587,0.04431821778416634,-0.08583687990903854,0.03507594764232635,0.09102766960859299,-0.07857728004455566,-0.0759618878364563,0.0102944653481245,0.0235043577849865,0.05922720953822136,-0.06601108610630035,0.1371124386787415,0.04374663531780243,-0.0822007805109024,-0.05457796528935432,0.01620430126786232,0.3720877170562744,0.2142776846885681,0.009770942851901054,0.06217331066727638,0.04125034809112549,0.05236863344907761,-0.2196897119283676,-0.08394432067871094,0.1075565665960312,0.1330116093158722,0.02908922173082829,0.06985177844762802,-0.1719017773866653,-0.02217224054038525,0.05295572057366371,-0.2566721737384796,0.0453781895339489,-0.01972871646285057,-0.1167966276407242,-0.06262747943401337,-0.04813468083739281,0.2712494432926178,0.1230989992618561,-0.1415650546550751,-0.1079623326659203,0.1587266623973846,-0.1830283999443054,-0.08144653588533401,0.0517597533762455,-0.1541791409254074,-0.09531886875629425,-0.2549901902675629,0.074543796479702,0.4168261587619781,0.1252225637435913,-0.2314757108688354,0.02866282127797604,-0.1443377137184143,0.08702380955219269,0.03853714093565941,0.04617844149470329,-0.08503738790750504,0.006451157387346029,-0.2000776082277298,-0.09660162031650543,0.07969294488430023,0.0346347838640213,-0.0749308317899704,0.2209144830703735,-0.05023473128676414,0.04778872057795525,0.04091983288526535,-0.02529911324381828,-0.04605991393327713,-0.002017641440033913,-0.03982431814074516,-0.05624980852007866,0.0008194599649868906,-0.07913852483034134,0.03185969963669777,0.09041312336921692,-0.1450615525245667,0.1006539314985275,0.0001368498051306233,0.08866941183805466,-0.06060956045985222,0.03406988456845284,-0.06594045460224152,0.01048205979168415,0.1405229717493057,-0.2535915672779083,0.1661542654037476,0.1628015786409378,-0.07280492782592773,0.1354355812072754,-0.00487948814406991,0.07879392802715302,-0.07487530261278152,-0.0543535016477108,-0.04960303381085396,-0.04571450874209404,0.05735095217823982,-0.05940227955579758,0.03007721900939941,-0.002140689641237259}
11	Mekete	Hailu	mamush	mamush	0924598469	2000-01-28 00:00:00	\N	0929661755	Fiche, 04, N/Shoa	2025-04-28 00:00:00	Web Developer	Employee	Mid	1747122036498-27c9f5aa22797814.jpg	40000	Bachelor	1000442296271	\N	2025-04-28 10:59:54.629	2025-05-23 07:57:04.198	1	Male	Single	{-0.1522340327501297,0.1886185705661774,0.07905925065279007,-0.03499015420675278,-0.08968445658683777,0.04483732581138611,0.04170624911785126,-0.05479118227958679,0.1675290614366531,-0.1078172028064728,0.2689093053340912,0.0345195010304451,-0.2166893482208252,-0.1020334362983704,-0.009383408352732658,0.0902114287018776,-0.07496592402458191,-0.1607083380222321,-0.1530510932207108,-0.0640769749879837,0.02166222035884857,-0.03769509494304657,-0.06070460006594658,-0.02207839116454124,-0.1610161364078522,-0.2862386703491211,-0.06160788610577583,-0.1148500889539719,0.02019387669861317,-0.1611738055944443,0.06302013248205185,-0.00511150574311614,-0.1585137099027634,-0.04738705232739449,-0.09204065799713135,0.02587917819619179,0.001776543096639216,0.04143307358026505,0.1318651884794235,-0.02979313023388386,-0.1579605042934418,0.05895382538437843,0.02015896886587143,0.2577671110630035,0.1683079302310944,0.00305355666205287,0.03517704084515572,-0.02564756199717522,0.0840449333190918,-0.2249152213335037,0.0132511667907238,0.09114637970924377,0.1993151754140854,0.06014140322804451,0.07764001190662384,-0.1352047771215439,0.01326596271246672,0.04894986376166344,-0.1673434972763062,0.09590379893779755,0.0494903177022934,-0.09669195115566254,-0.122653603553772,0.00872473418712616,0.224984809756279,0.1092509925365448,-0.08284679055213928,-0.1343691498041153,0.2485529482364655,-0.1025591567158699,-0.002544594230130315,0.1072155088186264,-0.1027397215366364,-0.1106751039624214,-0.210315614938736,0.1155084371566772,0.398034393787384,0.1261388063430786,-0.1916722506284714,0.003527391934767365,-0.1670117974281311,0.06459794193506241,-0.05698136612772942,-0.03519971668720245,-0.1412641108036041,-0.04984057694673538,-0.1231244057416916,0.05216815322637558,0.1634271740913391,0.02151042781770229,-0.008862713351845741,0.185463935136795,0.04647747054696083,-0.01052347011864185,0.03114886581897736,-0.01255961507558823,-0.09357206523418427,-0.05254854261875153,-0.06205037981271744,-0.03421641886234283,0.07755700498819351,-0.1511359363794327,0.005957982502877712,0.09767265617847443,-0.1671915352344513,0.1811503916978836,-0.03236273676156998,0.0534810908138752,0.01869188621640205,0.1045166924595833,-0.03317483514547348,-0.003609307110309601,0.1738326251506805,-0.2008645832538605,0.2149899899959564,0.1389412730932236,-0.02706232294440269,0.0636574774980545,0.09510523080825806,0.08166724443435669,-0.03845356777310371,0.01543127559125423,-0.1378525942564011,-0.08737418800592422,0.004872236866503954,-0.1261806786060333,0.04083544015884399,0.04914575815200806}
12	Beshana	Eshete	beshana	beshana	918283848	2000-01-28 00:00:00	\N	912121212	Fiche, 04, N/Shoa	2025-04-28 00:00:00	Web Developer	Supervisor	\N	1747123043609-d9b07f3d04f130bb.jpg	\N	\N	\N	\N	2025-04-28 10:59:54.629	2025-04-28 10:59:54.629	1	Male	Single	{-0.1683829575777054,0.120722733438015,0.1001919731497765,-0.05739013478159904,0.01488098036497831,-0.008358236402273178,0.02155959233641624,0.001065522083081305,0.1639492064714432,-0.08349918574094772,0.259076327085495,-0.003056460293009877,-0.1382410973310471,-0.1292857825756073,0.03438866510987282,0.1374774724245071,-0.1945222169160843,-0.1354956477880478,-0.07542544603347778,-0.1364087015390396,0.007120981812477112,0.01440810691565275,-0.05263902619481087,0.03732701763510704,-0.1921572685241699,-0.2853671908378601,-0.06457722187042236,-0.124311238527298,0.006194465793669224,-0.1362509727478027,0.06037129834294319,0.006029936484992504,-0.1719896793365479,0.006005268078297377,-0.07029222697019577,0.07491709291934967,0.01870724745094776,-0.02307898923754692,0.06550387293100357,0.06520432233810425,-0.09332674741744995,-0.04375166073441505,0.01537945959717035,0.3463998138904572,0.2213145047426224,0.02006500586867332,-0.00267120054922998,0.07266155630350113,0.05915550142526627,-0.2155180275440216,-0.02080650255084038,0.05623837187886238,0.1456386893987656,0.09010329097509384,0.007920380681753159,-0.08536028116941452,-0.006273222621530294,0.07655460387468338,-0.1669202148914337,0.04088149964809418,-0.005389317870140076,-0.1005740687251091,-0.06132516264915466,0.00243284204043448,0.3182499408721924,0.08958123624324799,-0.1709717810153961,-0.09360695630311966,0.1772995442152023,-0.09522451460361481,-0.06371176242828369,0.05300531536340714,-0.1093672439455986,-0.1094761937856674,-0.2624504864215851,0.1415858119726181,0.3790585398674011,0.06685734540224075,-0.1795621812343597,-0.02214543521404266,-0.1459876447916031,0.0217373613268137,-0.0537840873003006,0.07133478671312332,-0.1160042062401772,0.01212434750050306,-0.1076449900865555,0.0103719737380743,0.1922149509191513,0.03410740196704865,-0.05132350325584412,0.1559947431087494,-0.02970385737717152,-0.05614249780774117,-0.006740282755345106,-0.02365478873252869,-0.07297726720571518,-0.004647684283554554,-0.06526996940374374,-0.07878358662128448,0.03134868294000626,-0.1102112308144569,-0.04729103669524193,0.1179686933755875,-0.1971341669559479,0.2181771248579025,0.04208243638277054,-0.02443291246891022,-0.01280534360557795,0.08664264529943466,-0.08906485885381699,-0.03062056377530098,0.1507240235805511,-0.2333388924598694,0.1347552686929703,0.2177716940641403,0.09946318715810776,0.1511083245277405,0.0502002164721489,0.07656052708625793,-0.0518164373934269,0.04024600610136986,-0.08653442561626434,-0.05562332645058632,0.0185562651604414,-0.06420410424470901,0.06823241710662842,0.03397111967206001}
7	Beso	Bela	beso_be	besobela	0912121212	2000-01-27 00:00:00	\N	0912121212	Fiche, 04, N/Shoa	2025-04-27 00:00:00	Web Developer	Employee	Junior	1747337626726-d84f3eb2b04bbbb2.jpg	23330	Bachelor		\N	2025-04-28 10:59:54.629	2025-05-15 19:33:46.737	2	Male	Single	{-0.1131811887025833,0.1372948586940765,0.1189628094434738,-0.01956981606781483,-0.002708971500396729,0.03347371891140938,0.0389133021235466,-0.07384206354618073,0.1693311780691147,-0.09953568130731583,0.2356671690940857,-0.00953320600092411,-0.237329974770546,-0.1289719790220261,-0.03184990584850311,0.1476574689149857,-0.208611860871315,-0.1805313974618912,-0.09922410547733307,-0.1186513453722,-0.0230559166520834,0.07043096423149109,-0.04797860607504845,-0.04624477401375771,-0.1452287435531616,-0.3192227482795715,-0.04408831521868706,-0.1273496896028519,0.01353930495679379,-0.1159968748688698,0.04660462960600853,0.03110611997544765,-0.213952049612999,0.007434405386447906,-0.06335679441690445,0.02570719458162785,0.1009105741977692,0.05109125003218651,0.116956040263176,0.1221827194094658,-0.1322288513183594,0.00285411300137639,0.03433685004711151,0.2875085473060608,0.2025347799062729,-0.007777384482324123,-0.02888939529657364,0.02969014830887318,-0.02483977563679218,-0.2319344878196716,-0.01288614422082901,0.1248090639710426,0.1591118276119232,0.07432468980550766,0.0233843419700861,-0.1294697821140289,-0.08824150264263153,-0.01516923680901527,-0.1254066824913025,0.0914405956864357,0.05343161895871162,-0.1040063351392746,-0.0801841989159584,0.03234098106622696,0.2349767684936523,0.04463733732700348,-0.1308310627937317,-0.0854901522397995,0.2022255808115005,-0.141480952501297,-0.07121969014406204,0.01796669326722622,-0.07230275869369507,-0.0622829832136631,-0.289231151342392,0.08175169676542282,0.4311248362064362,0.08610980212688446,-0.2328521758317947,-0.003394591622054577,-0.1876611858606339,0.006193386390805244,-0.008872710168361664,0.07040002197027206,-0.0584358349442482,0.0411275289952755,-0.06225678324699402,0.02705324068665504,0.1454178094863892,0.05360389873385429,-0.05031980201601982,0.2012573182582855,-0.04163891822099686,0.00484252255409956,0.02063018642365932,-0.02103095687925816,-0.004344299901276827,-0.08178921788930893,-0.07280384004116058,-0.06030510365962982,-0.04158677533268929,-0.1218723282217979,-0.01657456532120705,0.1084557846188545,-0.165152445435524,0.1460978388786316,0.05065999552607536,-0.03932731226086617,0.007216335739940405,0.1536633223295212,-0.02280768565833569,-0.03691628575325012,0.1774695068597794,-0.2460788041353226,0.1889030039310455,0.2225499451160431,-0.04222412407398224,0.1205039247870445,0.03894480690360069,0.1222084164619446,-0.05399657040834427,0.01297826878726482,-0.0638609230518341,-0.1337971985340118,-0.07277645915746689,-0.06730853021144867,0.05301381647586823,0.05967310070991516}
8	Wudinesh	Nigusie	wudinesh_ne	wanawn	0718283848	2000-01-28 00:00:00	\N	0912121212	Fiche, 04, N/Shoa	2021-04-28 00:00:00	Web Developer	Employee	Senior	1747119541301-a980af6e946a0c3e.jpg	11118	Bachelor		1747469925795-f79479db29ad16a2.pdf	2025-04-28 10:59:54.629	2025-05-19 09:22:49.331	2	Female	Married	{-0.0971687063574791,0.1248179823160172,0.1052538305521011,-0.04573172703385353,-0.09433502703905106,-0.01254740823060274,0.02964829094707966,-0.138117641210556,0.2471287995576859,-0.1157088950276375,0.2559135556221008,0.006028438918292522,-0.1771612465381622,-0.009370267391204834,0.01827890612185001,0.1064028888940811,-0.2152543514966965,-0.1398937702178955,-0.06256979703903198,-0.03573453426361084,0.01620455086231232,-0.04486903920769691,0.0306852962821722,0.03418790549039841,-0.1298481822013855,-0.3654729723930359,-0.08912695944309235,-0.08399280905723572,0.02187665738165379,-0.08671917766332626,0.04748228937387466,0.0379156619310379,-0.1950699239969254,-0.03259290009737015,-0.06858237087726593,0.0591706670820713,-0.05060522258281708,-0.07112031430006027,0.1553422808647156,-0.02497836947441101,-0.2393942028284073,0.03810689598321915,-0.02005448378622532,0.2298396229743958,0.1756118535995483,0.05520735308527946,0.02972169034183025,-0.066447414457798,0.03280819952487946,-0.1990967690944672,0.03406573459506035,0.1403209269046783,0.08532661944627762,0.01180550269782543,0.01375443395227194,-0.1824202537536621,0.01291521545499563,0.064424067735672,-0.1774730682373047,-0.01486712787300348,0.06029462814331055,-0.06839540600776672,0.03311722725629807,0.01922857575118542,0.258782297372818,0.15890172123909,-0.07423751056194305,-0.06886334717273712,0.1833250671625137,-0.1208462193608284,-0.0571574904024601,0.02338825911283493,-0.1473346352577209,-0.1930078417062759,-0.2642451226711273,0.03147600963711739,0.4873537719249725,0.06470883637666702,-0.1614851057529449,0.000870394753292203,-0.1475211828947067,0.03911056369543076,0.02692678011953831,0.09491197764873505,-0.1279843598604202,-0.01717729121446609,-0.1152945756912231,0.01051778718829155,0.1931783705949783,0.01531375665217638,-0.07916559278964996,0.1747400611639023,0.01402092445641756,-0.06315194070339203,0.04780791699886322,-0.000131765496917069,-0.05455711856484413,0.01578567922115326,-0.1353260427713394,-0.06821978092193604,0.01077303476631641,-0.07601076364517212,-0.05510465055704117,0.1500576287508011,-0.2942226529121399,0.172132670879364,0.03330399841070175,-0.06848722696304321,0.02737123146653175,0.06883500516414642,-0.03816161677241325,-0.05188780650496483,0.1612171083688736,-0.2764695286750793,0.1902249604463577,0.2274951785802841,0.02427242137491703,0.2176981270313263,0.01492218114435673,0.09383333474397659,-0.0399414449930191,0.00912994984537363,-0.142927959561348,-0.05266675725579262,0.02763287909328938,-0.01021680142730474,0.09335310012102127,0.06589999794960022}
16	Tomas	Tt	tomas_tt	tom123	0918283848	2000-01-23 00:00:00	\N	0912121212	Fiche, 04, N/Shoa	2025-05-23 00:00:00	Web Developer	Employee	Junior	1748016263800-7d64c8af0eae5d17.jpg	44444	Diploma		\N	2025-05-23 10:40:06.911	2025-05-23 16:04:23.806	2	Male	Single	{-0.1133746355772018,0.1375951170921326,0.1190397292375565,-0.01973846182227135,-0.003086097305640578,0.03349865227937698,0.03876726701855659,-0.0742698535323143,0.1686222553253174,-0.09957033395767212,0.2357662171125412,-0.009525839239358902,-0.2371476590633392,-0.1294942945241928,-0.0319657176733017,0.1479265689849854,-0.2078658193349838,-0.1811826378107071,-0.0993061289191246,-0.1187613755464554,-0.02312611974775791,0.07054226100444794,-0.04825931042432785,-0.04615301638841629,-0.144919365644455,-0.3192761838436127,-0.04400891065597534,-0.1274163424968719,0.01305084116756916,-0.1162981241941452,0.04680983349680901,0.03087258897721767,-0.2140343934297562,0.007664874196052551,-0.0635003000497818,0.02610176429152489,0.1011007949709892,0.05083094909787178,0.1167789474129677,0.1223668456077576,-0.1322218924760818,0.00296074734069407,0.03408921882510185,0.2878445982933044,0.2025007009506226,-0.008178007788956165,-0.02877243235707283,0.03008954599499702,-0.02461639419198036,-0.2322463840246201,-0.0131632387638092,0.1241178065538406,0.1590395271778107,0.07395198196172714,0.02307619154453278,-0.1295144557952881,-0.08833203464746475,-0.01552580110728741,-0.1254604458808899,0.09105870127677917,0.05292979255318642,-0.1047156378626823,-0.08065024763345718,0.03194183111190796,0.2351482808589935,0.0448099672794342,-0.1307233572006226,-0.08526325970888138,0.202365905046463,-0.1414202004671097,-0.07114526629447937,0.01776045933365822,-0.07239004224538803,-0.06179321557283401,-0.289666086435318,0.08225049078464508,0.4312365651130676,0.08594143390655518,-0.2331964075565338,-0.003931728191673756,-0.1874036341905594,0.006983460858464241,-0.009242003783583641,0.0701480507850647,-0.05830574408173561,0.04123567789793015,-0.06283409893512726,0.02713588066399097,0.1456148475408554,0.05312291532754898,-0.0503394640982151,0.2012602239847183,-0.041714146733284,0.005247829481959343,0.02071766927838326,-0.02078202180564404,-0.004195178858935833,-0.08200879395008087,-0.07270393520593643,-0.05991137027740479,-0.04152832180261612,-0.1218040734529495,-0.01657518558204174,0.1087268441915512,-0.164932519197464,0.1456905007362366,0.05035626888275146,-0.03957705572247505,0.006763468030840158,0.1534348875284195,-0.02277148887515068,-0.03723768144845963,0.1773757189512253,-0.2454448193311691,0.1885163486003876,0.2229059040546417,-0.04234025627374649,0.1205673739314079,0.0391063317656517,0.1218892186880112,-0.05433265119791031,0.01276879012584686,-0.06388581544160843,-0.1338805854320526,-0.07256875187158585,-0.06700538843870163,0.05252790823578835,0.0597231350839138}
17	Tsehay	Negash	tsehay_ne	123456	0918283848	2000-01-24 00:00:00	\N	0912121212	Fiche, 04, N/Shoa	2025-05-24 00:00:00	Teacher	Employee	Mid	1748067216878-2044f260d1a2bec5.jpg	10000	Bachelor		\N	2025-05-24 06:13:36.896	2025-05-24 06:13:36.896	2	Female	Married	{-0.1059289053082466,0.1850630939006805,0.08219973742961884,-0.06531384587287903,-0.09669272601604462,0.00234464555978775,-0.01853315718472004,-0.1225690990686417,0.2195111811161041,-0.08822524547576904,0.2216525971889496,0.04143286868929863,-0.1450987607240677,-0.1068492978811264,0.01132707577198744,0.1687550246715546,-0.1712878942489624,-0.2013343423604965,-0.07034733891487122,-0.02276736125349998,0.04862923175096512,-0.008081097155809402,0.006140458397567272,0.01176788937300444,-0.1426955461502075,-0.3509444296360016,-0.05844205245375633,-0.09243138134479523,0.0904339998960495,-0.0659732073545456,0.03444026410579681,0.1029660627245903,-0.261267215013504,-0.02159502170979977,0.01845103316009045,0.09179949015378952,-0.02279557101428509,0.04064833745360374,0.07856329530477524,-0.00450114207342267,-0.2384049743413925,-0.01463985815644264,0.05282210558652878,0.2007203847169876,0.2517601847648621,0.06239049881696701,0.03458069264888763,-0.1045823618769646,0.0433671660721302,-0.223054364323616,0.006624463014304638,0.1144795715808868,0.02363758347928524,0.074184849858284,0.02032015845179558,-0.2314140200614929,0.01254906132817268,0.02318521216511726,-0.2357723116874695,0.07179947942495346,0.05263509601354599,-0.137975811958313,-0.09364869445562363,0.01435278728604317,0.2409357279539108,0.09299885481595993,-0.1251167804002762,-0.1654086112976074,0.222418412566185,-0.1551818400621414,0.0360226146876812,0.1351767033338547,-0.08862719684839249,-0.1557789891958237,-0.2776794135570526,-0.01167698204517365,0.5004885792732239,0.07753465324640274,-0.1650584638118744,0.01212707068771124,-0.1344951391220093,-0.00223440513946116,0.006204382516443729,0.06698834151029587,-0.05618381500244141,-0.04567621275782585,-0.1303594261407852,0.0078192837536335,0.2159795016050339,-0.0005426355637609959,0.01003008149564266,0.226770281791687,-0.03066246211528778,0.01372913736850023,-0.02791606262326241,0.08704233169555664,-0.1138527765870094,-0.02625589072704315,-0.1585468947887421,-0.1361537426710129,-0.09875821322202682,-0.07453151047229767,-0.05794468149542809,0.1253014802932739,-0.1604387909173965,0.1751250028610229,0.04090549796819687,0.01871667057275772,-0.05838702619075775,0.02373476698994637,-0.0552498959004879,-0.0691998079419136,0.1357566118240356,-0.2163886427879333,0.2411579638719559,0.2035066336393356,0.05350108072161674,0.1556114703416824,0.08535677194595337,0.09216151386499405,-0.01431877166032791,-0.09151913225650787,-0.1284597665071487,-0.03211022168397903,-0.01172827277332544,-0.1143639832735062,0.02677032165229321,0.02227017283439636}
18	Bilisuma	Dabale	bilisuma_da	bilisuma	0918283848	2000-01-24 00:00:00	\N	0912121212	Fiche, 04, N/Shoa	2025-05-24 00:00:00	Teacher	Employee	Senior	1748071494193-95bf6aa8de154ec4.jpg	30000	Bachelor		\N	2025-05-24 07:24:54.207	2025-05-24 07:24:54.207	2	Male	Single	{-0.2188572585582733,0.1446584910154343,0.1106982380151749,-0.07579583674669266,-0.02416086755692959,0.01057108584791422,-0.04627669602632523,-0.01901861280202866,0.1847613602876663,-0.08531027287244797,0.263245016336441,0.01088500395417213,-0.1156354993581772,-0.1411711275577545,-0.009337306022644043,0.1298677921295166,-0.2136037647724152,-0.1114145815372467,-0.01769352145493031,-0.1269226670265198,0.0167111624032259,0.03419102355837822,-0.008763612248003483,0.04427593946456909,-0.2142162919044495,-0.340747594833374,-0.04153626412153244,-0.152205765247345,-0.007897020317614079,-0.1438702642917633,0.03428684547543526,0.03297283500432968,-0.1899829804897308,0.0134100029245019,-0.06792843341827393,0.1325418949127197,0.04323430731892586,0.03678116574883461,0.1130502223968506,0.08855421096086502,-0.1098630726337433,-0.02219654805958271,-0.01764649711549282,0.3626716136932373,0.2410537600517273,-0.01496587600558996,-0.01410421635955572,0.06583821773529053,0.0924740806221962,-0.1862331032752991,-0.005050994921475649,0.1212436556816101,0.1126893013715744,0.03933634981513023,-0.009373296983540058,-0.06225010007619858,-0.005924113094806671,0.02378412336111069,-0.1677370816469193,0.03189734742045403,0.04964336752891541,-0.1362689286470413,-0.07274825125932693,0.03173902630805969,0.2509953379631042,0.1068984046578407,-0.1069890931248665,-0.1212116330862045,0.2155345529317856,-0.0783177837729454,-0.02970009483397007,0.0370597206056118,-0.146292582154274,-0.1253261864185333,-0.2169173955917358,0.116661973297596,0.4032962918281555,0.08392740041017532,-0.1810179501771927,0.01816424541175365,-0.1616816073656082,-0.01462646760046482,-0.01768701151013374,0.06914211064577103,-0.06396792829036713,0.029123330488801,-0.08365435153245926,0.07746677100658417,0.179851770401001,0.03417039662599564,-0.03005389496684074,0.1696381419897079,-0.005093664396554232,-0.01365685276687145,0.04117192327976227,-0.05672766640782356,-0.06551320105791092,0.02716846391558647,-0.1114950105547905,-0.04151549935340881,-0.01312126778066158,-0.1210299804806709,-0.01123321522027254,0.08382250368595123,-0.2107681334018707,0.2208220213651657,0.07390229403972626,-0.03171897307038307,-0.02606735751032829,0.09302753210067749,-0.09715204685926437,-0.03308489546179771,0.1850509345531464,-0.1928641498088837,0.1948488503694534,0.2008469551801682,0.11367417126894,0.185549333691597,0.07804196327924728,0.076027512550354,-0.01712017133831978,0.02667596936225891,-0.07449119538068771,-0.0482451431453228,-0.02040416933596134,-0.06944392621517181,0.07624420523643494,0.04714769497513771}
\.


--
-- Data for Name: _prisma_migrations; Type: TABLE DATA; Schema: public; Owner: postgres
--

COPY public._prisma_migrations (id, checksum, finished_at, migration_name, logs, rolled_back_at, started_at, applied_steps_count) FROM stdin;
add78422-6692-4d0d-b1df-baef8e5f2961	4c746120db0c2fb2cd3c6fabd7bd1a18abdca32958b34abfc83b5e6d4a4551c4	2025-05-15 15:49:50.534187+03	20250425135652_added_leave_balnce	\N	\N	2025-05-15 15:49:50.514749+03	1
a5e00410-a95f-4c93-916f-3149a2da8b5a	77879905ad676fe09176160ba6a3853977be3c29714393fb8854f46811ebcaa1	2025-05-15 15:49:50.311971+03	20250224192617_add_descr_and_nameamharic_on_department	\N	\N	2025-05-15 15:49:50.269324+03	1
8c1e19fd-563d-4358-ad44-43a5f218c8df	4f20404ac27359d61bd7eb5e7635da3de243cafa534453dad5e868517925850d	2025-05-15 15:49:50.319967+03	20250224200553_add_created_at_and_updated_at	\N	\N	2025-05-15 15:49:50.31359+03	1
a2c36f45-43ee-4131-9b41-aa060326c5b7	695643af2aca70ae8fb9e780d243c00fe44c9d056f56b602593dce87a4b3763f	2025-05-15 15:49:50.332748+03	20250224202008_add	\N	\N	2025-05-15 15:49:50.322758+03	1
901b93db-3aaf-4a30-8deb-ab7d591025d4	4dc3f4a7bb73c2427dad6630b12ac7306db5abba78cdbe5e227cf13ec0beaa94	2025-05-15 15:49:50.541705+03	20250425140235_added_leave_balnce	\N	\N	2025-05-15 15:49:50.536672+03	1
c99ab447-0693-42a8-beee-82c9ad6b990e	4d450e7290375a3d56267f04524690a1d0d05043663a9e61e446d664df0a5483	2025-05-15 15:49:50.340132+03	20250224202815_add	\N	\N	2025-05-15 15:49:50.334486+03	1
c976b9aa-d9e0-45a2-a00a-e5a1d7740b57	c3f681b364572fcbfc2245d554e80f82533ef5b2e83f7c1b3691aad5c3f6e1de	2025-05-15 15:49:50.349054+03	20250225194044_add	\N	\N	2025-05-15 15:49:50.341551+03	1
02ca18dc-8d94-4f86-9a02-1bd97e637870	8eb5e22f494b54e65dc1183d3167f2279e786654828e489f96a24b1b4b70d286	2025-05-19 12:09:18.788858+03	20250519090918_added_unique_const_on_leavetype	\N	\N	2025-05-19 12:09:18.753796+03	1
db030fde-e1f4-4cf6-acbf-239c7fc51303	5c66032d3c324600ae31cc61966099fe814153d067565beaa9f4358dbbba524d	2025-05-15 15:49:50.354062+03	20250225203059_add	\N	\N	2025-05-15 15:49:50.350423+03	1
3514bb3d-79e1-4d2a-9ec2-6e6854daf4f9	983dc8b3efebff9440446a5f58c1c187af174e9c958eff75dff7240e3430e045	2025-05-15 15:49:50.548873+03	20250425164406_added_leave_balnc	\N	\N	2025-05-15 15:49:50.543111+03	1
98df7376-bd60-4ecb-a528-bab774c8b3b2	a4a0a9410d030c4aeddace88c07de8d26f40cdd50ae44c883d36943a8c85e680	2025-05-15 15:49:50.409795+03	20250403181042_attendace_and_leave	\N	\N	2025-05-15 15:49:50.355474+03	1
e31e43c6-d886-4523-9d49-4d3028ca6cf7	e11b0ebf0af45cdd16207193ab58ffc5a3407b77ab6876f06d78fdd64d92f3d4	2025-05-15 15:49:50.418182+03	20250403183509_mod_attendance	\N	\N	2025-05-15 15:49:50.411733+03	1
4fd10918-b752-43ee-a2a7-44068061e8a7	02893018d24bcf999635b11b83ae21152a41c114d59d2e1a7f59c9e47f3d5c04	2025-05-15 15:49:50.434548+03	20250404193816_settings	\N	\N	2025-05-15 15:49:50.420536+03	1
aa2815e8-fa3d-494e-8af4-7ecc21f2197e	54d816f613487c5d6268bf7dca91b1b6f7ccddcc0635c5905e91a9321c69594b	2025-05-15 15:49:50.578824+03	20250428070445_updatecalendar	\N	\N	2025-05-15 15:49:50.55124+03	1
016c5000-556a-4b8c-a34d-0cb4b1092984	18bc732344f34d094c6225443fcdc934863f82a42d15f54045ee15f14b787cd2	2025-05-15 15:49:50.455452+03	20250405191539_settings1	\N	\N	2025-05-15 15:49:50.437087+03	1
bacf98bd-631a-47f9-a969-767357b5d599	15bf15b242532603a63391a3cd434dedfaa925b94706fa73323094b47bc51467	2025-05-15 15:49:50.492805+03	20250408080840_fucking_attendance	\N	\N	2025-05-15 15:49:50.459362+03	1
b4538449-cc69-48a1-9f77-e084ce4c18f1	cf9e10603570040c4d9cb93dde363eb5732394a262475c437e20e16ba5e1fc0e	2025-05-15 15:49:50.506116+03	20250408082017_fucking_attendance1	\N	\N	2025-05-15 15:49:50.494302+03	1
3c51af72-0fab-49e9-88bf-66890dd11373	90fdd9b87ba9fa2b975d27c433d728705012e3a6fdb16fef274df3c4478c0318	2025-05-15 15:49:50.589716+03	20250428081943_updatecalendar	\N	\N	2025-05-15 15:49:50.580851+03	1
8ed9eaee-7468-4eda-aa9c-2a3588748b2d	b94855e6aa4f4538894e28aa86f83ace894c4e667cc6086f0746a8e276710885	2025-05-15 15:49:50.513365+03	20250423184808_updated_leave	\N	\N	2025-05-15 15:49:50.507444+03	1
752aa8a4-4777-4921-b65d-d8e8046a9276	22107e0a4394f097bad8a6d341f4332e85a129be9598358bfb17568150335ea2	2025-05-20 15:22:39.421893+03	20250520122239_leaverequestdays	\N	\N	2025-05-20 15:22:39.41292+03	1
f5ef57eb-97a3-4210-a778-0b15fc8ef484	67472cc0341e0d602d8eefe08a6f13108e37ec2e6a1378758d6ed6cbe32b3fc1	2025-05-15 15:49:50.596983+03	20250428082203_updatecalendar_2	\N	\N	2025-05-15 15:49:50.592113+03	1
19c72bd7-636f-44ce-9fcb-c48fe2641fcf	a4b500c273a63d1ae1bd62e52ca6795c0fdd2bbffd32394cea7163e8ee676eb6	2025-05-15 15:49:50.607086+03	20250504194305_leave_balanc_upd	\N	\N	2025-05-15 15:49:50.599705+03	1
789ee777-c288-4dde-8aec-abe2c248a627	4432b6ef7488f64a39d73ffb6ffb7444665c5b471c373fb89d15fb3c1799b162	2025-05-23 19:37:01.957895+03	20250523163701_composit_key_for_attendance_table	\N	\N	2025-05-23 19:37:01.949608+03	1
5d89d04c-4a90-462d-9016-47744cefa6ce	4fb659b67327202b9c82f6ede71a070b1905d79dbec48488b3ac82bb85844999	2025-05-15 15:49:50.615633+03	20250505180110_leavetype_update	\N	\N	2025-05-15 15:49:50.608758+03	1
1898cf00-8d6e-4731-ae24-bef49325f843	9535bc04bd3f7a3d4c7e4103e541f818054d58a5fa307e8b455ed644ba455ce0	2025-05-15 15:49:50.627639+03	20250511194937_face_descriptor	\N	\N	2025-05-15 15:49:50.618678+03	1
\.


--
-- Name: Attendance_id_seq; Type: SEQUENCE SET; Schema: public; Owner: postgres
--

SELECT pg_catalog.setval('public."Attendance_id_seq"', 88, true);


--
-- Name: Calendar_id_seq; Type: SEQUENCE SET; Schema: public; Owner: postgres
--

SELECT pg_catalog.setval('public."Calendar_id_seq"', 1, false);


--
-- Name: Department_id_seq; Type: SEQUENCE SET; Schema: public; Owner: postgres
--

SELECT pg_catalog.setval('public."Department_id_seq"', 1, false);


--
-- Name: LeaveBalance_id_seq; Type: SEQUENCE SET; Schema: public; Owner: postgres
--

SELECT pg_catalog.setval('public."LeaveBalance_id_seq"', 5, true);


--
-- Name: LeaveRequest_id_seq; Type: SEQUENCE SET; Schema: public; Owner: postgres
--

SELECT pg_catalog.setval('public."LeaveRequest_id_seq"', 12, true);


--
-- Name: LeaveType_id_seq; Type: SEQUENCE SET; Schema: public; Owner: postgres
--

SELECT pg_catalog.setval('public."LeaveType_id_seq"', 6, true);


--
-- Name: Settings_id_seq; Type: SEQUENCE SET; Schema: public; Owner: postgres
--

SELECT pg_catalog.setval('public."Settings_id_seq"', 1, true);


--
-- Name: User_id_seq; Type: SEQUENCE SET; Schema: public; Owner: postgres
--

SELECT pg_catalog.setval('public."User_id_seq"', 18, true);


--
-- Name: Attendance Attendance_pkey; Type: CONSTRAINT; Schema: public; Owner: postgres
--

ALTER TABLE ONLY public."Attendance"
    ADD CONSTRAINT "Attendance_pkey" PRIMARY KEY (id);


--
-- Name: Calendar Calendar_pkey; Type: CONSTRAINT; Schema: public; Owner: postgres
--

ALTER TABLE ONLY public."Calendar"
    ADD CONSTRAINT "Calendar_pkey" PRIMARY KEY (id);


--
-- Name: Department Department_pkey; Type: CONSTRAINT; Schema: public; Owner: postgres
--

ALTER TABLE ONLY public."Department"
    ADD CONSTRAINT "Department_pkey" PRIMARY KEY (id);


--
-- Name: LeaveBalance LeaveBalance_pkey; Type: CONSTRAINT; Schema: public; Owner: postgres
--

ALTER TABLE ONLY public."LeaveBalance"
    ADD CONSTRAINT "LeaveBalance_pkey" PRIMARY KEY (id);


--
-- Name: LeaveRequest LeaveRequest_pkey; Type: CONSTRAINT; Schema: public; Owner: postgres
--

ALTER TABLE ONLY public."LeaveRequest"
    ADD CONSTRAINT "LeaveRequest_pkey" PRIMARY KEY (id);


--
-- Name: LeaveType LeaveType_pkey; Type: CONSTRAINT; Schema: public; Owner: postgres
--

ALTER TABLE ONLY public."LeaveType"
    ADD CONSTRAINT "LeaveType_pkey" PRIMARY KEY (id);


--
-- Name: Settings Settings_pkey; Type: CONSTRAINT; Schema: public; Owner: postgres
--

ALTER TABLE ONLY public."Settings"
    ADD CONSTRAINT "Settings_pkey" PRIMARY KEY (id);


--
-- Name: User User_pkey; Type: CONSTRAINT; Schema: public; Owner: postgres
--

ALTER TABLE ONLY public."User"
    ADD CONSTRAINT "User_pkey" PRIMARY KEY (id);


--
-- Name: _prisma_migrations _prisma_migrations_pkey; Type: CONSTRAINT; Schema: public; Owner: postgres
--

ALTER TABLE ONLY public._prisma_migrations
    ADD CONSTRAINT _prisma_migrations_pkey PRIMARY KEY (id);


--
-- Name: Attendance_userId_date_key; Type: INDEX; Schema: public; Owner: postgres
--

CREATE UNIQUE INDEX "Attendance_userId_date_key" ON public."Attendance" USING btree ("userId", date);


--
-- Name: Department_name_key; Type: INDEX; Schema: public; Owner: postgres
--

CREATE UNIQUE INDEX "Department_name_key" ON public."Department" USING btree (name);


--
-- Name: LeaveBalance_userId_leaveTypeId_key; Type: INDEX; Schema: public; Owner: postgres
--

CREATE UNIQUE INDEX "LeaveBalance_userId_leaveTypeId_key" ON public."LeaveBalance" USING btree ("userId", "leaveTypeId");


--
-- Name: LeaveType_name_key; Type: INDEX; Schema: public; Owner: postgres
--

CREATE UNIQUE INDEX "LeaveType_name_key" ON public."LeaveType" USING btree (name);


--
-- Name: Settings_key_key; Type: INDEX; Schema: public; Owner: postgres
--

CREATE UNIQUE INDEX "Settings_key_key" ON public."Settings" USING btree (key);


--
-- Name: User_username_key; Type: INDEX; Schema: public; Owner: postgres
--

CREATE UNIQUE INDEX "User_username_key" ON public."User" USING btree (username);


--
-- Name: Attendance Attendance_userId_fkey; Type: FK CONSTRAINT; Schema: public; Owner: postgres
--

ALTER TABLE ONLY public."Attendance"
    ADD CONSTRAINT "Attendance_userId_fkey" FOREIGN KEY ("userId") REFERENCES public."User"(id) ON UPDATE CASCADE ON DELETE RESTRICT;


--
-- Name: LeaveBalance LeaveBalance_leaveTypeId_fkey; Type: FK CONSTRAINT; Schema: public; Owner: postgres
--

ALTER TABLE ONLY public."LeaveBalance"
    ADD CONSTRAINT "LeaveBalance_leaveTypeId_fkey" FOREIGN KEY ("leaveTypeId") REFERENCES public."LeaveType"(id) ON UPDATE CASCADE ON DELETE RESTRICT;


--
-- Name: LeaveBalance LeaveBalance_userId_fkey; Type: FK CONSTRAINT; Schema: public; Owner: postgres
--

ALTER TABLE ONLY public."LeaveBalance"
    ADD CONSTRAINT "LeaveBalance_userId_fkey" FOREIGN KEY ("userId") REFERENCES public."User"(id) ON UPDATE CASCADE ON DELETE RESTRICT;


--
-- Name: LeaveRequest LeaveRequest_leaveTypeId_fkey; Type: FK CONSTRAINT; Schema: public; Owner: postgres
--

ALTER TABLE ONLY public."LeaveRequest"
    ADD CONSTRAINT "LeaveRequest_leaveTypeId_fkey" FOREIGN KEY ("leaveTypeId") REFERENCES public."LeaveType"(id) ON UPDATE CASCADE ON DELETE RESTRICT;


--
-- Name: LeaveRequest LeaveRequest_userId_fkey; Type: FK CONSTRAINT; Schema: public; Owner: postgres
--

ALTER TABLE ONLY public."LeaveRequest"
    ADD CONSTRAINT "LeaveRequest_userId_fkey" FOREIGN KEY ("userId") REFERENCES public."User"(id) ON UPDATE CASCADE ON DELETE RESTRICT;


--
-- Name: User User_departmentId_fkey; Type: FK CONSTRAINT; Schema: public; Owner: postgres
--

ALTER TABLE ONLY public."User"
    ADD CONSTRAINT "User_departmentId_fkey" FOREIGN KEY ("departmentId") REFERENCES public."Department"(id) ON UPDATE CASCADE ON DELETE SET NULL;


--
-- PostgreSQL database dump complete
--

